FeatureStateId;description;featureStateId
CXC4012740;NR Massive MIMO Eco Mode;CXC4012740
CXC4012771;Macro Positioning Information in Traces;CXC4012771
CXC4012770;Uplink Angle-of-Arrival for Macro Positioning;CXC4012770
CXC4012763;Periodic UE Measurements;CXC4012763
CXC4012747;LTE Service-Triggered Outgoing NR IRAT Mobility;CXC4012747
CXC4012722;Nr Pm Event Decoding Schemas;CXC4012722
CXC4012780;Adaptive SRB Priority;CXC4012780
CXC4012769;High Resolution Timing Advance for Macro Positioning;CXC4012769
CXC4012720;LTE AI Powered SRS Allocation for Downlink Multi-User MIMO;CXC4012720
CXC4012737;NR Carrier Aggregation Scheduling Optimization for External SCells;CXC4012737
CXC4012765;Service-Adaptive Preemption;CXC4012765
CXC4012733;High-Priority Uplink Prescheduling High-Band for Public RAN;CXC4012733
CXC4012767;Automated Carrier Aggregation;CXC4012767
CXC4012734;High-Priority Uplink Prescheduling High-Band for Dedicated RAN;CXC4012734
CXC4012749;Uplink RAN-Assisted Rate Adaptation with L4S for Public RAN;CXC4012749
CXC4012758;LTE-Aligned Balanced TDD Pattern Mid-Band for Dedicated RAN;CXC4012758
CXC4012692;Ericsson Interference Sensing;CXC4012692
CXC4012729;Automated Radio Resource Partitioning;CXC4012729
CXC4012764;NR Service Admission Control;CXC4012764
CXC4012762;NR Aperiodic CSI Trigger Handling;CXC4012762
CXC4012701;NR UE Group Custom Classifier;CXC4012701
CXC4012797;Enhanced UE QoS Control in Uplink;CXC4012797
CXC4012768;Periodic Measurements for Macro Positioning;CXC4012768
CXC4012750;Uplink RAN-Assisted Rate Adaptation with L4S for Dedicated RAN;CXC4012750
CXC4012710;Downlink RAN-Assisted Rate Adaptation with L4S for Public RAN;CXC4012710
CXC4012742;NR Automatic Cell Lock at OAM Connection Outage;CXC4012742
CXC4012757;LTE-Aligned Balanced TDD Pattern Mid-Band for Public RAN;CXC4012757
CXC4012772;NR Flexible Downlink Resource Allocation Type Low/Mid-Band;CXC4012772
CXC4012725;NR Security-Initiated UE Measurements;CXC4012725
CXC4012706;NR Standalone High-Band with Multiple PCell Support;CXC4012706
CXC4012727;NR SIB9 Time Information Broadcast Dedicated RAN;CXC4012727
CXC4012755;Automated Energy Saver;CXC4012755
CXC4012741;UE-Assisted RRC State Preference;CXC4012741
CXC4012735;NEOS Support;CXC4012735
CXC4012711;Downlink RAN-Assisted Rate Adaptation with L4S for Dedicated RAN;CXC4012711
CXC4012774;NR Small Cell Traffic Steering;CXC4012774
CXC4012718;Service-Adaptive SR Periodicity High-Band for Dedicated RAN;CXC4012718
CXC4012775;Flexible PDCCH Monitoring;CXC4012775
CXC4012804;Ericsson Rededuced Capapability eDRX Sector Carrier;CXC4012804
CXC4012717;Service-Adaptive SR Periodicity High-Band for Public RAN;CXC4012717
CXC4012782;Priority Indication in RRC Release;CXC4012782
CXC4012761;NR 6CC DL Carrier Aggregation;CXC4012761
CXC4012726;NR SIB9 Time Information Broadcast Public RAN;CXC4012726
CXC4012712;Downlink-Triggered VoLTE Mobility;CXC4012712
CXC4012728;NR QoS-Aware Uplink Throughput Observability;CXC4012728
CXC4012713;NR Delay-Controlled Scheduling;CXC4012713
CXC4012719;NB-IoT Optimized Carrier Configuration;CXC4012719
CXC4012731;Nr Enhanced Slicing Observability;CXC4012731
CXC4012721;Robust Ul Link Adaptation For Volte;CXC4012721
CXC4012704;LTE Inter-Frequency Handover to Higher Priority;CXC4012704
CXC4012752;LTE Flexible Power Boost for Initial Access;CXC4012752
CXC4012723;NR Predictive Grant with SR Adaptation;CXC4012723
CXC4012724;NR UE Coverage Measurements;CXC4012724
CXC4012745;NR Adaptive Uplink Grant Size;CXC4012745
CXC4012732;LTE Decoupled Downlink and Uplink PDCCH Link Adaptation;CXC4012732
CXC4012634;NR SSB Time Shift Mid-Band;CXC4012634
CXC4012736;NR Data Aware Mobility;CXC4012736
CXC4012756;NR Flexible Cell Shaping Low/Mid-Band;CXC4012756
CXC4012690;NR Uplink Carrier Aggregation;CXC4012690
CXC4012270;L1bpInterfaceTestLicense;CXC4012270
CXC4012664;NR 9CC DL Carrier Aggregation High-Band;CXC4012664
CXC4012682;NR 5CC DL Carrier Aggregation;CXC4012682
CXC4012265;PIM Detection in Radio;CXC4012265
CXC4012699;Link Adaptation for Low Target Bler for Dedicated RAN;CXC4012699
CXC4012698;Link Adaptation for Low Target Bler for Public RAN;CXC4012698
CXC4012638;NR Service-Adaptive RLC Poll Retransmission;CXC4012638
CXC4012679;NR Prototyping Framework;CXC4012679
CXC4012693;LTE-NR FDD Spectrum Sharing with Dynamic Slot Aggregation;CXC4012693
CXC4012685;Link Adaptation with Low Spectral Efficiency CQI Table for Dedicated RAN;CXC4012685
CXC4012684;Link Adaptation with Low Spectral Efficiency MCS Table for Dedicated RAN;CXC4012684
CXC4012683;Link Adaptation with Low Spectral Efficiency MCS Table for Public RAN;CXC4012683
CXC4012597;Uplink Configured Grant for URLLC Dedicated RAN;CXC4012597
CXC4012596;Uplink Configured Grant for URLLC Public RAN;CXC4012596
CXC4012315;NR 8CC Downlink Carrier Aggregation High-Band;CXC4012315
CXC4012376;NR Uplink Carrier Aggregation High-Band;CXC4012376
CXC4012353;Dynamic Component Carrier Management;CXC4012353
CXC4012482;Fronthaul Sharing;CXC4012482
CXC4012605;Flexible Cell Shaping of SectorCarrier;CXC4012605
CXC4012408;Coverage-Optimized Uplink Transmission High-Band;CXC4012408
CXC4012524;Link Adaptation for URLLC Public RAN;CXC4012524
CXC4012557;Link Adaptation for URLLC Private 5G;CXC4012557
CXC4012509;Extended Propagation Delay Support High-Band;CXC4012509
CXC4012598;Downlink Power Boost for Initial Access High-Band;CXC4012598
CXC4012586;Coverage-Optimized Uplink Scheduling High-Band;CXC4012586
CXC4012612;Balanced TDD Pattern for Public RAN;CXC4012612
CXC4012613;Balanced TDD Pattern for Private 5G;CXC4012613
CXC4012614;Uplink-Heavy TDD Pattern for Private 5G;CXC4012614
CXC4012618;NR 256-QAM Downlink High-Band;CXC4012618
CXC4012633;Advanced RDS Location Support for Dedicated RAN;CXC4012633
CXC4012535;Optimized UL Peak Throughput HB;CXC4012535
CXC4012652;NR Combined Cell;CXC4012652
CXC4012674;NR SSB Slot Change;CXC4012674
CXC4012677;NR Standalone High-Band for Fixed Wireless Access;CXC4012677
CXC4012668;NR Downlink Data and PDCCH Multiplexing;CXC4012668
CXC4012680;NR Service-Adaptive SR Periodicity;CXC4012680
CXC4012703;NR Carrier Aggregation Data Steering;CXC4012703
CXC4012688;NR Service-Adaptive User Plane Profile;CXC4012688
CXC4012800;Ericsson Reduced Capability Sector Carrier;CXC4012800
CXC4012707;NR Unified Access Control for Mission-Critical Services;CXC4012707
CXC4012705;NR Unified Access Control;CXC4012705
CXC4012694;Advanced MLC;CXC4012694
CXC4012565;NR Restricted Drive Test;CXC4012565
CXC4012517;NR PM Initiated UE Measurements;CXC4012517
CXC4012348;NR Virtual Packet Processing;CXC4012348
CXC4012421;TM9 with AAS TDD;CXC4012421
CXC4040005;Egress Traffic Shaping;CXC4040005
CXC4011999;MinimizationOfDriveTests;CXC4011999
CXC4012013;Coverage for Reduced Capability UE;CXC4012013
CXC4012583;LTE-NR FDD Spectrum Sharing with Dual Outer Loop Link Adaptation;CXC4012583
CXC4012594;LTE Security-Initiated UE Measurements;CXC4012594
CXC4012666;Category M Flexible Narrowband Support;CXC4012666
CXC4012518;OverTheAirAssistedTimeHoldover;CXC4012518
CXC4012650;NR 4CC DL Carrier Aggregation;CXC4012650
CXC4012280;PIM Mitigation;CXC4012280
CXC4012549;NR Service-Adaptive Inactivity Timer;CXC4012549
CXC4012003;Uplink Scheduling Control for Out-of-Coverage UEs;CXC4012003
CXC4012311;Privileged Access Admission Balancing;CXC4012311
CXC4012241;Elastic RAN Uplink Coordinated Multi-Point Reception;CXC4012241
CXC4012568;8x4 Octal Antenna Downlink Performance Package;CXC4012568
CXC4012345;6CC DL Carrier Aggregation Extension;CXC4012345
CXC4012240;Robust SRVCC Handover at Call Setup;CXC4012240
CXC4011973;Uplink Carrier Aggregation;CXC4011973
CXC4011969;256-QAM Downlink;CXC4011969
CXC4012043;Coverage for Low Complexity UE;CXC4012043
CXC4012562;UE Location Information in Traces;CXC4012562
CXC4012602;DMRS-Based Downlink Multi-User MIMO;CXC4012602
CXC4012344;256-QAM Uplink;CXC4012344
CXC4012325;Streaming of PM Events;CXC4012325
CXC4012416;TM9 Capability-Aware Idle Mode Control;CXC4012416
CXC4012129;Data-Aware Uplink Scheduling;CXC4012129
CXC4012278;PLMN-Specific Access Barring;CXC4012278
CXC4012453;VoLTE Inactivity Timer Extension;CXC4012453
CXC4012089;Differential Uplink Power Control;CXC4012089
CXC4012120;Progressive Access Barring;CXC4012120
CXC4012256;Atmospheric Duct Interference Reduction;CXC4012256
CXC4012081;NB-IoT Access;CXC4012081
CXC4012413;NB-IoT Multiple Non-Anchor Carriers;CXC4012413
CXC4012659;NR Rate-Controlled Scheduling;CXC4012659
CXC4012451;Nb-Iot Dynamic Random Access Backoff;CXC4012451
CXC4040008;PTP Slave for Time and Phase Synchronization;CXC4040008
CXC4012494;Zero Interference VoLTE Operation;CXC4012494
CXC4012492;256-QAM Uplink Low/Mid-Band;CXC4012492
CXC4012578;LTE Emergency Call Handling with NR Standalone;CXC4012578
CXC4012687;LTE Load-Based Uplink RLC Retransmission Threshold;CXC4012687
CXC4012123;Automatic SCell Management;CXC4012123
CXC4012373;DFTS-OFDM Waveform in Uplink;CXC4012373
CXC4012326;Downlink User Plane Latency Reduction;CXC4012326
CXC4012611;NR Configurable Maximum UE Throughput;CXC4012611
CXC4012536;Directional Interference Mitigation;CXC4012536
CXC4012425;Category M Release Assistance Indicator;CXC4012425
CXC4040002;Ethernet Link Aggregation;CXC4040002
CXC4012576;NB-IoT Relaxed Monitoring for Cell Reselection;CXC4012576
CXC4012539;Category M Enhanced Mpdcch Capacity;CXC4012539
CXC4012020;Supplemental Downlink with License-Assisted Access;CXC4012020
CXC4012595;LTE-NR FDD Spectrum Sharing with Tunable NR Subframes;CXC4012595
CXC4012545;Category M Enhanced Random Access in Poor Coverage;CXC4012545
CXC4012641;NB-IoT Random Access Response Multiplexing;CXC4012641
CXC4012603;Uplink-Triggered VoLTE Mobility;CXC4012603
CXC4012260;Soft Reduction Of Cell Tx Power;CXC4012260
CXC4012480;Enhanced NR Restriction;CXC4012480
CXC4012548;NR Service-Adaptive DRX;CXC4012548
CXC4012475;Priority Controlled Scheduling;CXC4012475
CXC4012317;Enhanced Beamforming for TM9 with AAS FDD;CXC4012317
CXC4012396;;CXC4012396
CXC4012022;Transport Path Characteristics Monitoring;CXC4012022
CXC4012418;NB-IoT Release Assistance Indicator;CXC4012418
CXC4012424;PRACH Enhancements Low-Band;CXC4012424
CXC4012318;Category M Flexible Uplink Channel Allocation;CXC4012318
CXC4012604;Security Package ITSAR;CXC4012604
CXC4012495;Inter-Vendor EN-DC-Triggered Handover during Setup;CXC4012495
CXC4012555;PSCell Change to Higher Priority;CXC4012555
CXC4012525;LTE AI Powered SCell Selection;CXC4012525
CXC4012018;Adaptive RLC Poll-Retransmission;CXC4012018
CXC4012571;Dual-Layer Downlink Multi-User MIMO;CXC4012571
CXC4012554;LTE-NR FDD Spectrum Sharing with Downlink Data and DMRS Multiplexing;CXC4012554
CXC4012533;LTE AI Powered MIMO Sleep Mode;CXC4012533
CXC4012157;High Power UE;CXC4012157
CXC4012355;;CXC4012355
CXC4012519;;CXC4012519
CXC4040006;;CXC4040006
CXC4012246;CRS Interference Reduction using MBSFN Subframes;CXC4012246
CXC4012271;4x4 Full Interference Rejection Combining;CXC4012271
CXC4012079;Idle Mode Extended DRX;CXC4012079
CXC4012101;Low Energy Scheduler Solution;CXC4012101
CXC4012478;NR DL Carrier Aggregation for Coverage Extension;CXC4012478
CXC4012336;Enhanced PTT Admission Control;CXC4012336
CXC4012264;IDC for Uplink Carrier Aggregation;CXC4012264
CXC4012199;ASGH Performance Package;CXC4012199
CXC4012374;Cell-Level Scheduler;CXC4012374
CXC4012393;Maximum Cell Range Beyond 100km;CXC4012393
CXC4012034;Elastic RAN;CXC4012034
CXC4012457;Prioritized Call Queuing at High Load;CXC4012457
CXC4012342;Radio Dot System NR;CXC4012342
CXC4012263;NB-IoT Non-Anchor Carrier Support;CXC4012263
CXC4012606;NR Reduced UE Bandwidth Support;CXC4012606
CXC4012354;;CXC4012354
CXC4012279;Progressive Barring For Special Access Classes;CXC4012279
CXC4012452;NB-IoT Admission Control;CXC4012452
CXC4012286;Interference Rejection Combining for AAS FDD;CXC4012286
CXC4012455;Category M Connection Suspend and Resume;CXC4012455
CXC4012681;NR Advanced UE Location Support;CXC4012681
CXC4012563;Optimized PDCCH;CXC4012563
CXC4012547;NR Service-Adaptive Prescheduling;CXC4012547
CXC4012502;Massive MIMO Low-Band;CXC4012502
CXC4011981;5CC DL Carrier Aggregation Extension;CXC4011981
CXC4012407;Coverage-Triggered Mobility at Setup;CXC4012407
CXC4012601;Aggregated Pm Events;CXC4012601
CXC4012591;User- and Service-Specific Mobility;CXC4012591
CXC4012370;Uplink Robust Header Compression for Data;CXC4012370
CXC4012392;;CXC4012392
CXC4011975;UE-Assisted Adaptive DRX;CXC4011975
CXC4012622;NR QoS Profile Modification;CXC4012622
CXC4012588;Connected Users Optimization for Carrier Aggregation;CXC4012588
CXC4040019;Multiple GNSS Support;CXC4040019
CXC4012621;NR Dynamic Slot Aggregation for VoNR;CXC4012621
CXC4012564;NR Minimization of Drive Tests;CXC4012564
CXC4012608;Category M Random Access Backoff;CXC4012608
CXC4012412;Reduced Connection Setup Time;CXC4012412
CXC4012390;High Capacity Multi-User MIMO;CXC4012390
CXC4012589;Coverage- and Capacity-Optimized PDCCH Beamforming;CXC4012589
CXC4012631;NR Directional Control for EMF Power Lock Mid-Band;CXC4012631
CXC4012585;TM8 Downlink Single-User MIMO on TDD SCell;CXC4012585
CXC4012369;Digital Sectorization with AAS FDD;CXC4012369
CXC4012050;Flexible QoS;CXC4012050
CXC4012663;User- and Service-Specific Carrier Aggregation;CXC4012663
CXC4012454;Instant Downlink 256-QAM Activation;CXC4012454
CXC4012363;LMT Port Disabling;CXC4012363
CXC4012489;Downlink Throughput Test in gNodeB;CXC4012489
CXC4012368;Optimized VoLTE Access at High Load;CXC4012368
CXC4012375;LTE-NR Uplink Aggregation;CXC4012375
CXC4012546;ASGH-Based Spectral Efficiency Package;CXC4012546
CXC4040009;Two-Way Active Measurement Protocol Responder;CXC4040009
CXC4012582;NR-NR Dual Connectivity;CXC4012582
CXC4012544;Category M Flexible Preamble Selection;CXC4012544
CXC4012111;Global SCell Evaluation for Carrier Aggregation;CXC4012111
CXC4012673;NR Closed-Loop Power Control Low/Mid-Band;CXC4012673
CXC4012258;Configurable Distribution Counters;CXC4012258
CXC4012507;LTE-NR FDD Spectrum Sharing with NR Standalone;CXC4012507
CXC4012503;NR UE Throughput Booster;CXC4012503
CXC4012486;Intelligent Power Emission Control;CXC4012486
CXC4012371;Capability-Aware Idle Mode Control;CXC4012371
CXC4012349;Accelerated Inter-Frequency Load Balancing;CXC4012349
CXC4012303;Category M Enhanced Paging Capacity;CXC4012303
CXC4012572;Category M Relaxed Monitoring for Cell Reselection;CXC4012572
CXC4040011;Synchronous Ethernet;CXC4040011
CXC4012593;Priority-Based Admission Control;CXC4012593
CXC4012559;NR Radio Resource Partitioning;CXC4012559
CXC4012397;Evolved Load-Based Distribution at Release;CXC4012397
CXC4012510;Advanced Downlink Single-User MIMO Mid-Band;CXC4012510
CXC4012324;NR Coverage-Triggered NR Session Continuity;CXC4012324
CXC4012671;NR Large Bandwidth Support Low-Band;CXC4012671
CXC4040010;Real Time Security Event Logging;CXC4040010
CXC4012378;NR Massive MIMO Sleep Mode;CXC4012378
CXC4012493;Uplink Single-User MIMO;CXC4012493
CXC4012661;Port Scanning Detection and Logging;CXC4012661
CXC4012540;LTE-NR FDD Spectrum Sharing with NB-IoT;CXC4012540
CXC4012110;Virtual Sectors;CXC4012110
CXC4040018;IEEE 1588 Boundary Clock;CXC4040018
CXC4012187;Category M Connected Mode Mobility;CXC4012187
CXC4040016;Two-Way Active Measurement Protocol Initiator;CXC4040016
CXC4012488;NB-IoT Access Barring;CXC4012488
CXC4012287;Mission-Critical Push-to-Talk;CXC4012287
CXC4012269;Spatial AAS Traffic Distribution Observability;CXC4012269
CXC4012607;NR Dynamic Power Optimizer;CXC4012607
CXC4012243;TM9 with AAS FDD;CXC4012243
CXC4012036;Dynamic Uplink Resource Allocation;CXC4012036
CXC4012302;Category M Enhanced Uplink Peak Rate;CXC4012302
CXC4012570;TDD PCell Support for DL Carrier Aggregation Low/Mid-Band;CXC4012570
CXC4012406;Downlink Multi-User MIMO Mid-Band;CXC4012406
CXC4012320;Category M HARQ-ACK Bundling;CXC4012320
CXC4012379;RAN Slicing Framework;CXC4012379
CXC4012213;Virtual Category M Access;CXC4012213
CXC4011983;Inter-eNodeB Carrier Aggregation;CXC4011983
CXC4012405;NB-IoT Extended Cell Range;CXC4012405
CXC4012599;EN-DC RAN Slicing;CXC4012599
CXC4012691;Optimized UE Distribution for EN-DC;CXC4012691
CXC4012490;Enhanced Dynamic UE Admission Control for Privileged Access;CXC4012490
CXC4012630;Enhanced UE Preemption for Privileged Access;CXC4012630
CXC4012477;NR DL Carrier Aggregation;CXC4012477
CXC4012383;Data-Aware Carrier Aggregation Configuration;CXC4012383
CXC4040014;Ethernet OAM Service;CXC4040014
CXC4012012;Autoconfiguration of LTE Broadcast Subframes;CXC4012012
CXC4012352;Uplink-Traffic-Triggered Mobility;CXC4012352
CXC4012491;Adaptive Power Adjustment for EIRP Limit;CXC4012491
CXC4012281;Advanced SR Allocation for Privileged Access Users;CXC4012281
CXC4012102;Inter eNodeB Uplink Coordinated Multi-Point Reception;CXC4012102
CXC4012385;Incoming NR IRAT Handover;CXC4012385
CXC4012678;Alternative E-RAB Establishment Success Rate;CXC4012678
CXC4012592;NR Robust Header Compression for Voice;CXC4012592
CXC4012257;Basic AAS for TDD;CXC4012257
CXC4011991;UE-Assisted Signaling Reduction;CXC4011991
CXC4012070;Service-Specific HARQ;CXC4012070
CXC4012266;NB-IoT Load Distribution;CXC4012266
CXC4012131;Packet Capture;CXC4012131
CXC4040004;IPSec;CXC4040004
CXC4012508;NB-IoT Downlink Interference Randomization;CXC4012508
CXC4012635;NR Remote Interference Management;CXC4012635
CXC4012323;Category M Dynamic HARQ-ACK Delay;CXC4012323
CXC4012537;LTE-NR FDD Spectrum Sharing with Category M;CXC4012537
CXC4012566;NB-IoT Optimized UE Power Control;CXC4012566
CXC4011980;4CC DL Carrier Aggregation Extension;CXC4011980
CXC4011982;Multi Clustered PUSCH;CXC4011982
CXC4012182;Virtual Packet Processing;CXC4012182
CXC4012500;SSB Power Boost;CXC4012500
CXC4012272;Massive MIMO Mid-Band;CXC4012272
CXC4012097;Configurable SCell Priority;CXC4012097
CXC4012580;Outgoing NR IRAT Handover;CXC4012580
CXC4012479;Shared NR RAN;CXC4012479
CXC4012014;Mobility To CSG Cell;CXC4012014
CXC4011974;Support for 19-24 cells in single eNodeB;CXC4011974
CXC4012015;Mixed Mode Baseband LTE;CXC4012015
CXC4011996;TM8 Mode Switching;CXC4011996
CXC4012296;Load-Based CA SCell Handling;CXC4012296
CXC4012289;Category M Enhanced Cell ID Location Support;CXC4012289
CXC4012366;NB-IoT Enhanced Cell ID Location Support;CXC4012366
CXC4012356;ASGH-Based A/B Testing Framework;CXC4012356
CXC4012384;NB-IoT with IRC;CXC4012384
CXC4012297;Machine Intelligence Enabled Mobility;CXC4012297
CXC4012253;NB-IoT 100km Coverage;CXC4012253
CXC4012340;Category M Extended Access Barring;CXC4012340
CXC4012019;Resource Partitioning;CXC4012019
CXC4012569;NG eCall Support for Emergency Calls;CXC4012569
CXC4012262;NB-IoT Extended Transport Block Size;CXC4012262
CXC4012002;Network-Assisted CRS Interference Cancellation;CXC4012002
CXC4012200;ASGH-Based Prescheduling;CXC4012200
CXC4012485;Optimized RRC Connection Release Control;CXC4012485
CXC4012505;AI Powered DL Link Adaptation;CXC4012505
CXC4012201;Internal 5;CXC4012201
CXC4012388;Radio Interface-Based Time Monitoring;CXC4012388
CXC4012319;Category M Link Adaptation with Aperiodic CQI;CXC4012319
CXC4012590;Advanced Downlink Multi-User MIMO Mid-Band;CXC4012590
CXC4012275;Baseband Resource Cell Prioritization;CXC4012275
CXC4012629;VoLTE Prescheduling;CXC4012629
CXC4012023;UpPTS Interference Reporting;CXC4012023
CXC4012522;AI Powered Advanced Cell Supervision;CXC4012522
CXC4012561;Prioritized Mobile Terminating Access at High Load;CXC4012561
CXC4012658;NrQosAwareDownlinkCa;CXC4012658
CXC4012261;Resource-Optimized Uplink Scheduling;CXC4012261
CXC4012637;NR Service-Adaptive Link Adaptation;CXC4012637
CXC4012188;Hidden Parameter Access;CXC4012188
CXC4012330;Uplink Multi-User MIMO Mid-Band;CXC4012330
CXC4012456;LTE Connection Suspend and Resume;CXC4012456
CXC4012274;ONAP Interface;CXC4012274
CXC4012198;TM9 8x4 Octal Antenna Downlink Performance Package;CXC4012198
CXC4012210;Skip uplink padding on dynamic grants;CXC4012210
CXC4012053;ARP-Aware Scheduling;CXC4012053
CXC4012313;ASGH-Supported InstantUplinkAccess;CXC4012313
CXC4012212;TM9 Mode Switching;CXC4012212
CXC4012496;Carrier Aggregation Downlink Traffic Steering;CXC4012496
CXC4012163;Category M Basic VoLTE;CXC4012163
CXC4012082;Category M Access;CXC4012082
CXC4012209;Instant uplink access with skip tx uplink padding;CXC4012209
CXC4012458;Category M Multiple Narrowband Support;CXC4012458
CXC4011984;Ericsson Lean Carrier;CXC4011984
CXC4012600;NR 3CC DL Carrier Aggregation;CXC4012600
CXC4012550;RRC Inactive State;CXC4012550
CXC4012254;Basic AAS for FDD;CXC4012254
CXC4012381;EN-DC-Triggered Handover during Setup;CXC4012381
CXC4012347;PRACH Enhancements Mid-Band;CXC4012347
CXC4012516;NB-IoT Two HARQ Processes;CXC4012516
CXC4012333;Volte Rate Recommendation;CXC4012333
CXC4012316;Evolved Uplink Frequency-Selective Scheduling;CXC4012316
CXC4012162;Restricted Drive Test;CXC4012162
CXC4012531;NR Relative Priority Scheduling;CXC4012531
CXC4012267;Category M Load Distribution;CXC4012267
CXC4012104;AssistedTimeHoldover;CXC4012104
CXC4012095;Multiple IP Addresses for S1 and X2;CXC4012095
CXC4012211;RDS Location Support;CXC4012211
CXC4012259;VoLTE Optimized Carrier Aggregation;CXC4012259
CXC4012417;Device-Based Frequency Filtering;CXC4012417
CXC4012558;Downlink Data and DMRS Multiplexing;CXC4012558
CXC4012587;Uplink Data and DMRS Multiplexing;CXC4012587
CXC4040007;PTP Slave for Frequency Synchronization;CXC4040007
CXC4012359;Category M Dynamic Resource Sharing with LTE;CXC4012359
CXC4012619;NR Slot-Specific Downlink Link Adaptation;CXC4012619
CXC4012308;Inter Vendor Load Balancing;CXC4012308
CXC4012346;7CC DL Carrier Aggregation Extension;CXC4012346
CXC4012422;Inter-Vendor Capability-Aware Idle Mode Control;CXC4012422
CXC4012534;NR Emergency Procedures;CXC4012534
CXC4012024;;CXC4012024
CXC4012389;Open Radio Controller;CXC4012389
CXC4040013;;CXC4040013
CXC4012610;NR UE-Assisted Precoding Optimization;CXC4012610
CXC4012218;Basic Intelligent Connectivity;CXC4012218
CXC4012361;Category M Attach Without PDN Connection;CXC4012361
CXC4012382;DSCP Mapping Based on ARP and QCI;CXC4012382
CXC4012527;Lsh Support License;CXC4012527
CXC4012273;LTE - NR DownLink Aggregation;CXC4012273
CXC4012528;LTE-NR FDD Spectrum Sharing with Flexible Channel Bandwidth;CXC4012528
CXC4012504;EN-DC Triggered Handover during Connected Mode Mobility;CXC4012504
CXC4012543;LTE-NR FDD Spectrum Sharing with Policy-based Biasing;CXC4012543
CXC4012096;Internal 3;CXC4012096
CXC4012538;NR Limited Service Mode Emergency Call Support;CXC4012538
CXC4012581;LTE-NR FDD Spectrum Sharing with Rate Matching around LTE Synchronization Signal and PBCH;CXC4012581
CXC4012119;NS 05 Additional Maximum Power Reduction Support;CXC4012119
CXC4012238;Delay Tolerant Receiver;CXC4012238
CXC4012526;Internal Channel Bandwidth 7.5MHz;CXC4012526
CXC4012617;LTE-NR FDD Spectrum Sharing with QoS-Aware Relative Resource Allocation;CXC4012617
CXC4011068;OTDOA Control Plane Location Support;CXC4011068
CXC4011485;Multiple Frequency Band Indicators;CXC4011485
CXC4011712;Feicic With X2 Assistance;CXC4011712
CXC4011253;TTI Bundling;CXC4011253
CXC4010614;CDMA2000 Session Continuity Coverage-Triggered;CXC4010614
CXC4011427;4x2 Quad Antenna Downlink;CXC4011427
CXC4011062;Differentiated Admission Control;CXC4011062
CXC4010955;Air Interface Load Generator;CXC4010955
CXC4011940;Dynamic UE Admission Control;CXC4011940
CXC4011063;Subscriber triggered mobility;CXC4011063
CXC4010961;RLC in Unacknowledged Mode;CXC4010961
CXC4011955;Dynamic Pucch;CXC4011955
CXC4011512;;CXC4011512
CXC4011840;TM9 8x2 Octal Antenna Downlink Performance Package;CXC4011840
CXC4011711;Priority Paging;CXC4011711
CXC4011064;Delay-Based Scheduling and Grant Estimation;CXC4011064
CXC4011365;LTE Broadcast;CXC4011365
CXC4010949;CS Fallback for Dual-Radio UEs;CXC4010949
CXC4011666;Carrier Aggregation-Aware IFLB;CXC4011666
CXC4011665;SRVCC Handover to CDMA 1X;CXC4011665
CXC4011700;Cross DU Carrier Aggregation;CXC4011700
CXC4011715;Prescheduling in UL;CXC4011715
CXC4011155;Subscriber triggered mobility;CXC4011155
CXC4011368;Combined Cell;CXC4011368
CXC4011366;Multi-Target RRC Connection Re-Establishment;CXC4011366
CXC4011264;Single Layer Beamforming Performance Package;CXC4011264
CXC4011567;SUPPLEMENTARY DL ONLY CELL;CXC4011567
CXC4011930;FDD and TDD on Same eNodeB;CXC4011930
CXC4010616;WCDMA Session Continuity Coverage-Triggered;CXC4010616
CXC4011618;SIB16 Time Information Broadcast;CXC4011618
CXC4011074;Uplink Frequency-Selective Scheduling;CXC4011074
CXC4011946;64-QAM Uplink;CXC4011946
CXC4011256;High speed UE;CXC4011256
CXC4011319;Inter-Frequency Load Balancing;CXC4011319
CXC4011266;Coverage Triggered TD-SCDMA Session Continuity;CXC4011266
CXC4011716;PRS Management OTDOA;CXC4011716
CXC4011345;Mobility Control at Poor Coverage;CXC4011345
CXC4011699;Overlaid Cell Detection;CXC4011699
CXC4010974;Coverage-Triggered Inter-Frequency Handover;CXC4010974
CXC4011811;MME Overload Control;CXC4011811
CXC4011326;TM7 Mode Switching;CXC4011326
CXC4011378;Service Cell Soft Lock;CXC4011378
CXC4011373;Automated Cell Capacity Estimation;CXC4011373
CXC4011812;MeasBasedSCellSelection;CXC4011812
CXC4011443;Intra-LTE Inter-Mode Handover;CXC4011443
CXC4010770;Inter-Frequency Session Continuity Coverage-Triggered;CXC4010770
CXC4011958;Cell Sleep Mode;CXC4011958
CXC4010960;Shared LTE RAN;CXC4010960
CXC4011033;Minimum Rate Proportional Fair Scheduler;CXC4011033
CXC4011163;Operator Defined QCI;CXC4011163
CXC4011944;Load-Based Distribution at Release;CXC4011944
CXC4010609;Dual-Antenna Downlink Performance Package;CXC4010609
CXC4011559;Dynamic SCell Selection For Carrier Aggregation;CXC4011559
CXC4011558;MBMS Multi-Carrier Support;CXC4011558
CXC4011823;Virtual Routers;CXC4011823
CXC4011714;ThreeDlCarrierAggregation;CXC4011714
CXC4011933;UE Location at Release;CXC4011933
CXC4010973;Redirect with System Information;CXC4010973
CXC4010912;Efficient DRX/DTX for Connected UE;CXC4010912
CXC4011252;Public Warning System;CXC4011252
CXC4011914;VoLTE Frequency Hopping;CXC4011914
CXC4011667;4x4 Quad Antenna Downlink;CXC4011667
CXC4010841;Cell ID Based Location Support;CXC4010841
CXC4011557;Inter-Frequency Offload;CXC4011557
CXC4011011;WCDMA IRAT handover coverage triggered;CXC4011011
CXC4011477;Service Specific Load Management;CXC4011477
CXC4011664;Measurement-Based CSFB Target Selection;CXC4011664
CXC4010717;PmInitiatedUeMeasurements;CXC4010717
CXC4011929;Uplink Spectrum Analysis;CXC4011929
CXC4011057;End-User Bitrate Shaping;CXC4011057
CXC4011476;CarrierAggregation;CXC4011476
CXC4010967;Maximum Cell Range;CXC4010967
CXC4011050;TCP Optimization;CXC4011050
CXC4011918;Service Specific Inactivity Timer;CXC4011918
CXC4011444;Uplink Coordinated Multi-Point Reception;CXC4011444
CXC4011911;UE Throughput-Aware IFLB;CXC4011911
CXC4011056;Quad Antenna Uplink Performance Package;CXC4011056
CXC4011913;Downlink Coordinated Multi-Point;CXC4011913
CXC4010723;Multiple Radio Bearers per User;CXC4010723
CXC4011067;A-GPS Control Plane Location Support;CXC4011067
CXC4011910;CQI and PUSCH SINR and Received Power in Traces;CXC4011910
CXC4011966;Limited Uplink Aware IFLB;CXC4011966
CXC4011258;Variable SR and CQI Periodicity;CXC4011258
CXC4011807;Load-Based Access Barring;CXC4011807
CXC4010618;GERAN Session Continuity Coverage-Triggered;CXC4010618
CXC4011513;Enhanced CS Fallback to CDMA 1X;CXC4011513
CXC4011842;PsiCoverage;CXC4011842
CXC4011065;;CXC4011065
CXC4011242;Transmit Data Cloning;CXC4011242
CXC4011941;Inactivity-Triggered PUCCH Release at High Load;CXC4011941
CXC4011246;Automated RACH Root Sequence Allocation;CXC4011246
CXC4011808;MIMO Sleep Mode;CXC4011808
CXC4011075;Packet Forwarding at S1 Handover;CXC4011075
CXC4011554;IFLB Activation Threshold;CXC4011554
CXC4011255;Downlink Frequency-Selective Scheduling;CXC4011255
CXC4011649;OSPFv2;CXC4011649
CXC4011810;Non-planned PCI Range;CXC4011810
CXC4011422;Antenna System Monitoring;CXC4011422
CXC4011555;Internal MCE;CXC4011555
CXC4011713;Dynamic Load Control;CXC4011713
CXC4011951;Differentiated UE Handling;CXC4011951
CXC4011069;Enhanced Cell ID Control Plane Location Support;CXC4011069
CXC4011482;Enhanced PDCCH Link Adaptation;CXC4011482
CXC4011370;Best Neighbor Relations for Intra-LTE Load Management;CXC4011370
CXC4011967;Advanced Differentiation For Resource Fair Scheduling;CXC4011967
CXC4010990;Robust Header Compression;CXC4010990
CXC4010956;CS Fallback to GERAN and UTRAN;CXC4010956
CXC4011372;LPPa-based E-CID Support;CXC4011372
CXC4010620;Anr;CXC4010620
CXC4010980;Pucch OverDimensioning;CXC4010980
CXC4011055;Limited Service Mode Emergency Call Support;CXC4011055
CXC4010511;Ue throughput based mobility to Wi-Fi;CXC4010511
CXC4011804;Inter-Frequency OTDOA;CXC4011804
CXC4010856;RbsEventStreamer;CXC4010856
CXC4011813;PHICH Group Spreading;CXC4011813
CXC4011698;Coverage-Adapted Load Management;CXC4011698
CXC4011317;6 Cell Support;CXC4011317
CXC4011060;Dynamic GBR Admission Control;CXC4011060
CXC4011072;Uplink-Triggered Inter-Frequency Mobility;CXC4011072
CXC4011938;Prioritized SR Scheduling;CXC4011938
CXC4011478;InterRatOffloadToUtran;CXC4011478
CXC4011931;Test of framework for optional PM Events;CXC4011931
CXC4011254;Octal Antenna Uplink Performance Package;CXC4011254
CXC4011481;Lppa-based OTDOA Support;CXC4011481
CXC4010963;A-GPS User Plane Location Support;CXC4010963
CXC4011736;Service or Priority-Triggered Inter-Frequency Handover;CXC4011736
CXC4011932;Test of framework for optional PM Event parameters;CXC4011932
CXC4010320;AdvCellSup;CXC4010320
CXC4011157;HoOscCtrlUE;CXC4011157
CXC4011377;CS Fallback to CDMA 1X;CXC4011377
CXC4010319;Interference  Rejection Combining;CXC4010319
CXC4011942;Prioritization of VoLTE in Access Barring;CXC4011942
CXC4011943;Uplink Multiuser MIMO;CXC4011943
CXC4011710;RAN Grand Master;CXC4011710
CXC4011059;Service triggered mobility;CXC4011059
CXC4011613;Internal 1;CXC4011613
CXC4011247;SRVCC Handover to UTRAN;CXC4011247
CXC4011515;PDCCH Power Boost;CXC4011515
CXC4011018;Mixed Mode Radio LTE;CXC4011018
CXC4011939;Release Inactive UE at High Load Handover;CXC4011939
CXC4011183;Pci;CXC4011183
CXC4011820;Uplink Interference Reporting;CXC4011820
CXC4010964;Enhanced Cell ID User Plane Location Support;CXC4010964
CXC4011356;7-12 Cell Support;CXC4011356
CXC4011327;Service Specific DRX;CXC4011327
CXC4011376;Automated Mobility Optimization;CXC4011376
CXC4011061;Dynamic QoS Modification;CXC4011061
CXC4011809;;CXC4011809
CXC4010512;Best Neighbor Relations for WCDMA IRAT Offload;CXC4010512
CXC4011251;Relative Priority Scheduling;CXC4011251
CXC4011922;Carrier Aggregation FDD-TDD;CXC4011922
CXC4011262;Dual Layer Beamforming Performance Package;CXC4011262
CXC4011034;Emergency Call Handling for CS Fallback;CXC4011034
CXC4010613;Data Forwarding at Intra-LTE Handover;CXC4010613
CXC4011663;PSHO-Based CS Fallback to UTRAN;CXC4011663
CXC4011822;;CXC4011822
CXC4011917;Support for 13-18 cells in single eNodeB;CXC4011917
CXC4010962;OTDOA Support in SUPL environment;CXC4010962
CXC4011814;Admission Triggered Offload;CXC4011814
CXC4011937;Dynamic Random Access Backoff;CXC4011937
CXC4011815;Multi-Layer Service-Triggered Mobility;CXC4011815
CXC4010959;QoS-Aware Scheduler;CXC4010959
CXC4011479;S-GW Relocation at X2 Handover;CXC4011479
CXC4011346;SRVCC Handover to GERAN;CXC4011346
CXC4011245;Enhanced Cell Id in Traces;CXC4011245
